{
  "hash": "1e4fb21c",
  "configHash": "4c656ea1",
  "lockfileHash": "4d2bde20",
  "browserHash": "471e7cd4",
  "optimized": {
    "@angular/common": {
      "src": "../../../../../node_modules/@angular/common/fesm2022/common.mjs",
      "file": "@angular_common.js",
      "fileHash": "e7c1cdd3",
      "needsInterop": false
    },
    "@angular/common/http": {
      "src": "../../../../../node_modules/@angular/common/fesm2022/http.mjs",
      "file": "@angular_common_http.js",
      "fileHash": "47bc9fe7",
      "needsInterop": false
    },
    "@angular/core": {
      "src": "../../../../../node_modules/@angular/core/fesm2022/core.mjs",
      "file": "@angular_core.js",
      "fileHash": "e8b2e477",
      "needsInterop": false
    },
    "@angular/forms": {
      "src": "../../../../../node_modules/@angular/forms/fesm2022/forms.mjs",
      "file": "@angular_forms.js",
      "fileHash": "35d3ecce",
      "needsInterop": false
    },
    "@angular/platform-browser": {
      "src": "../../../../../node_modules/@angular/platform-browser/fesm2022/platform-browser.mjs",
      "file": "@angular_platform-browser.js",
      "fileHash": "792fccc3",
      "needsInterop": false
    },
    "@angular/router": {
      "src": "../../../../../node_modules/@angular/router/fesm2022/router.mjs",
      "file": "@angular_router.js",
      "fileHash": "31b4229b",
      "needsInterop": false
    },
    "rxjs": {
      "src": "../../../../../node_modules/rxjs/dist/esm5/index.js",
      "file": "rxjs.js",
      "fileHash": "3d4e036c",
      "needsInterop": false
    }
  },
  "chunks": {
    "chunk-AHDKDJTC": {
      "file": "chunk-AHDKDJTC.js"
    },
    "chunk-MH63QHRW": {
      "file": "chunk-MH63QHRW.js"
    },
    "chunk-XLSINCXO": {
      "file": "chunk-XLSINCXO.js"
    },
    "chunk-YFXVGDDX": {
      "file": "chunk-YFXVGDDX.js"
    },
    "chunk-W7WAD56I": {
      "file": "chunk-W7WAD56I.js"
    }
  }
}